{
  "version": 1,
  "author": "Yusron Wirawanto",
  "editor": "wokwi",
  "parts": [
    { "type": "wokwi-esp32-devkit-v1", "id": "esp", "top": -14, "left": 52, "attrs": {} },
    {
      "type": "wokwi-photoresistor-sensor",
      "id": "ldr1",
      "top": -38.03645833333333,
      "left": -157.5,
      "attrs": {}
    },
    { "type": "wokwi-servo", "id": "servo1", "top": 5.33, "left": 213.02, "attrs": {} },
    { "type": "wokwi-potentiometer", "id": "pot1", "top": 71.34, "left": -132.71, "attrs": {} }
  ],
  "connections": [
    [ "esp:TX0", "$serialMonitor:RX", "", [] ],
    [ "esp:RX0", "$serialMonitor:TX", "", [] ],
    [ "esp:VIN", "ldr1:VCC", "red", [ "h-20.5", "v-169.46" ] ],
    [ "esp:GND.2", "ldr1:GND", "black", [ "h-13.17", "v-143.96" ] ],
    [ "esp:D34", "ldr1:AO", "gold", [ "h0" ] ],
    [ "pot1:GND", "esp:GND.2", "black", [ "v28.74", "h100.09", "v-38.89" ] ],
    [ "pot1:SIG", "esp:D35", "blue", [ "v11.97", "h82.18", "v-104.47" ] ],
    [ "pot1:VCC", "esp:VIN", "red", [ "v0" ] ],
    [ "servo1:PWM", "esp:D25", "magenta", [ "h-40.48", "v-113.17", "h-145.65", "v101.42" ] ],
    [ "servo1:V+", "esp:VIN", "red", [ "h-28.28", "v142.65", "h-156.33", "v-6.1" ] ],
    [ "servo1:GND", "esp:GND.2", "black", [ "h-10.74", "v165.11", "h-182.26", "v-89.22" ] ]
  ]
}